Sales Person,Team,Picture
Kevin King,Team4,https://i.ibb.co/R77SvF3/NL01-Jerome-Chandler.png
Candace Harris,Team3,https://i.ibb.co/QnXsYB7/NL02-Michelle-Black.png
Michelle Garrett,Team3,https://i.ibb.co/M6Kt8rk/NL03-Paul-Louis.png
Laurie Figueroa,Team2,https://i.ibb.co/0cPdW5J/NL04-Sara-Martinez.png
Gabriel Vasquez,Team2,https://i.ibb.co/ckV7tQG/NL05-Julie-Fleming.png
Catherine Roberts,Team1,https://i.ibb.co/MVKtQnC/NL06-Marlon-Hardy.png
James Moore,Team2,https://i.ibb.co/HgHvKzg/NL07-May-Brown.png
Debra Hughes,Team4,https://i.ibb.co/xFLP5x6/NL08-Lynne-Waters.png
Bonnie Lucero,Team1,https://i.ibb.co/hcb75FS/NL09-Brendan-Todd.png
Jessica White,Team4,https://i.ibb.co/Zm4c7JX/NL10-Shannon-Chambers.png
Sandra Henderson,Team1,https://i.ibb.co/JmscjqX/NL11-Marcia-Martin.png
Jeffery Mills,Team1,https://i.ibb.co/pb7dWyT/NL12-Kathy-Patton.png
Brandon Richards,Team2,https://i.ibb.co/zmrvv3f/NL13-Michael-Bell.png
Kayla Banks,Team2,https://i.ibb.co/hgSrvQp/NL14-Bob-Reyes.png
Justin Bowman,Team4,https://i.ibb.co/GPGy60y/NL15-Ethel-Cohen.png
Jeffrey Rivera,Team4,https://i.ibb.co/yRLMD6f/NL16-Molly-Evans.png
Erin Arnold,Team3,https://i.ibb.co/7SY6R58/NL17-Alejandro-Bennett.png
Cynthia Herman,Team2,https://i.ibb.co/rkDjM2M/NL18-Myra-Kennedy.png
Jeffrey Sims,Team2,https://i.ibb.co/qmZnthc/NL19-Gabriel-Huff.png
Stacey Brown,Team4,https://i.ibb.co/qCvqkBY/NL20-Gary-Perkins.png
,,
,,
,,
,,
,,
